unit,strategy,rank,mask,cost,optimal,probability
tv2_m16_branch_00__X__s9101,FROZEN_LAYERWISE,1,192,119,True,4.210179611131845e-06
tv2_m16_branch_00__X__s9101,FROZEN_LAYERWISE,2,16704,152,False,2.8999838320017436e-06
tv2_m16_branch_00__X__s9101,FROZEN_LAYERWISE,3,24,156,False,2.4744108511902636e-06
tv2_m16_branch_00__X__s9101,FROZEN_LAYERWISE,4,84,225,False,1.8517367813632294e-06
tv2_m16_branch_00__X__s9101,FROZEN_LAYERWISE,5,33344,213,False,1.3861176118740071e-06
tv2_m16_branch_00__X__s9101,FROZEN_LAYERWISE,6,20560,265,False,1.161721105783913e-06
tv2_m16_branch_00__X__s9101,WARM_JOINT,1,192,119,True,0.21405950805492283
tv2_m16_branch_00__X__s9101,WARM_JOINT,2,16704,152,False,0.14100901763134752
tv2_m16_branch_00__X__s9101,WARM_JOINT,3,24,156,False,0.1373547080097053
tv2_m16_branch_00__X__s9101,WARM_JOINT,4,33344,213,False,0.03806579755544471
tv2_m16_branch_00__X__s9101,WARM_JOINT,5,84,225,False,0.030812878425481548
tv2_m16_branch_00__X__s9101,WARM_JOINT,6,20560,265,False,0.014064527593522372
tv2_m16_branch_00__X__s9101,RANDOM_JOINT,1,192,119,True,0.06648406791780434
tv2_m16_branch_00__X__s9101,RANDOM_JOINT,2,24,156,False,0.06597819663329084
tv2_m16_branch_00__X__s9101,RANDOM_JOINT,3,16704,152,False,0.06270914156196057
tv2_m16_branch_00__X__s9101,RANDOM_JOINT,4,33344,213,False,0.05859906141628958
tv2_m16_branch_00__X__s9101,RANDOM_JOINT,5,84,225,False,0.054252605716098495
tv2_m16_branch_00__X__s9101,RANDOM_JOINT,6,20560,265,False,0.05146677922279196
tv2_m16_branch_00__MULTI__s9101,FROZEN_LAYERWISE,1,16704,152,False,2.4948793811342538e-05
tv2_m16_branch_00__MULTI__s9101,FROZEN_LAYERWISE,2,24,156,False,2.1058533106310772e-05
tv2_m16_branch_00__MULTI__s9101,FROZEN_LAYERWISE,3,33344,213,False,1.7000011320736456e-05
tv2_m16_branch_00__MULTI__s9101,FROZEN_LAYERWISE,4,192,119,True,1.28511550161385e-05
tv2_m16_branch_00__MULTI__s9101,FROZEN_LAYERWISE,5,20560,265,False,1.2383097627228978e-05
tv2_m16_branch_00__MULTI__s9101,FROZEN_LAYERWISE,6,84,225,False,4.738408414571295e-06
tv2_m16_branch_00__MULTI__s9101,WARM_JOINT,1,16704,152,False,0.45000556301964006
tv2_m16_branch_00__MULTI__s9101,WARM_JOINT,2,84,225,False,0.11483159937821796
tv2_m16_branch_00__MULTI__s9101,WARM_JOINT,3,192,119,True,0.11343754653079703
tv2_m16_branch_00__MULTI__s9101,WARM_JOINT,4,24,156,False,0.08407186158643938
tv2_m16_branch_00__MULTI__s9101,WARM_JOINT,5,20560,265,False,0.0657730951946001
tv2_m16_branch_00__MULTI__s9101,WARM_JOINT,6,33344,213,False,0.05888632271910364
tv2_m16_branch_00__MULTI__s9101,RANDOM_JOINT,1,16704,152,False,0.23361684034618363
tv2_m16_branch_00__MULTI__s9101,RANDOM_JOINT,2,84,225,False,0.16597593551586037
tv2_m16_branch_00__MULTI__s9101,RANDOM_JOINT,3,33344,213,False,0.11085296840431752
tv2_m16_branch_00__MULTI__s9101,RANDOM_JOINT,4,24,156,False,0.0826371400098222
tv2_m16_branch_00__MULTI__s9101,RANDOM_JOINT,5,192,119,True,0.07967184280842657
tv2_m16_branch_00__MULTI__s9101,RANDOM_JOINT,6,20560,265,False,0.06580856879971146
tv2_m16_cycle_00__X__s9101,FROZEN_LAYERWISE,1,8320,107,True,3.3750689213754794e-05
tv2_m16_cycle_00__X__s9101,FROZEN_LAYERWISE,2,12544,171,False,3.959583883666642e-06
tv2_m16_cycle_00__X__s9101,FROZEN_LAYERWISE,3,149,247,False,3.293080900806121e-06
tv2_m16_cycle_00__X__s9101,FROZEN_LAYERWISE,4,102,230,False,3.190947354555435e-06
tv2_m16_cycle_00__X__s9101,FROZEN_LAYERWISE,5,36869,292,False,3.129160865862697e-06
tv2_m16_cycle_00__X__s9101,FROZEN_LAYERWISE,6,34949,317,False,2.465412162728765e-06
tv2_m16_cycle_00__X__s9101,FROZEN_LAYERWISE,7,708,294,False,2.164774833226039e-06
tv2_m16_cycle_00__X__s9101,FROZEN_LAYERWISE,8,33829,308,False,2.1185943484285963e-06
tv2_m16_cycle_00__X__s9101,FROZEN_LAYERWISE,9,4373,311,False,1.9450515468662064e-06
tv2_m16_cycle_00__X__s9101,FROZEN_LAYERWISE,10,4932,358,False,1.4607360946261044e-06
tv2_m16_cycle_00__X__s9101,FROZEN_LAYERWISE,11,53318,407,False,1.1073142633760203e-06
tv2_m16_cycle_00__X__s9101,WARM_JOINT,1,8320,107,True,0.14168129093344867
tv2_m16_cycle_00__X__s9101,WARM_JOINT,2,12544,171,False,0.1178781895517257
tv2_m16_cycle_00__X__s9101,WARM_JOINT,3,102,230,False,0.11559754344257323
tv2_m16_cycle_00__X__s9101,WARM_JOINT,4,149,247,False,0.1038558940334608
tv2_m16_cycle_00__X__s9101,WARM_JOINT,5,36869,292,False,0.08700950087777395
tv2_m16_cycle_00__X__s9101,WARM_JOINT,6,708,294,False,0.07443554972937683
tv2_m16_cycle_00__X__s9101,WARM_JOINT,7,33829,308,False,0.07058012209592512
tv2_m16_cycle_00__X__s9101,WARM_JOINT,8,4373,311,False,0.06255871004160746
tv2_m16_cycle_00__X__s9101,WARM_JOINT,9,34949,317,False,0.05941764029961028
tv2_m16_cycle_00__X__s9101,WARM_JOINT,10,4932,358,False,0.0466316971914544
tv2_m16_cycle_00__X__s9101,WARM_JOINT,11,53318,407,False,0.03744705360732273
tv2_m16_cycle_00__X__s9101,RANDOM_JOINT,1,8320,107,True,0.08064094939110701
tv2_m16_cycle_00__X__s9101,RANDOM_JOINT,2,12544,171,False,0.07598542941901348
tv2_m16_cycle_00__X__s9101,RANDOM_JOINT,3,102,230,False,0.07573108507427113
tv2_m16_cycle_00__X__s9101,RANDOM_JOINT,4,149,247,False,0.07072611916467403
tv2_m16_cycle_00__X__s9101,RANDOM_JOINT,5,36869,292,False,0.06597803698410837
tv2_m16_cycle_00__X__s9101,RANDOM_JOINT,6,708,294,False,0.0647630626901175
tv2_m16_cycle_00__X__s9101,RANDOM_JOINT,7,33829,308,False,0.06161021924578327
tv2_m16_cycle_00__X__s9101,RANDOM_JOINT,8,34949,317,False,0.058161290507400105
tv2_m16_cycle_00__X__s9101,RANDOM_JOINT,9,4373,311,False,0.056005491951391644
tv2_m16_cycle_00__X__s9101,RANDOM_JOINT,10,4932,358,False,0.05276551934015857
tv2_m16_cycle_00__X__s9101,RANDOM_JOINT,11,53318,407,False,0.047392073472746855
tv2_m16_cycle_00__MULTI__s9101,FROZEN_LAYERWISE,1,8320,107,True,2.6959340430321137e-05
tv2_m16_cycle_00__MULTI__s9101,FROZEN_LAYERWISE,2,36869,292,False,9.60312897052272e-06
tv2_m16_cycle_00__MULTI__s9101,FROZEN_LAYERWISE,3,34949,317,False,9.147268363700684e-06
tv2_m16_cycle_00__MULTI__s9101,FROZEN_LAYERWISE,4,12544,171,False,8.23218344908756e-06
tv2_m16_cycle_00__MULTI__s9101,FROZEN_LAYERWISE,5,102,230,False,7.883948237765056e-06
tv2_m16_cycle_00__MULTI__s9101,FROZEN_LAYERWISE,6,149,247,False,7.812510255135428e-06
tv2_m16_cycle_00__MULTI__s9101,FROZEN_LAYERWISE,7,708,294,False,7.778556449353531e-06
tv2_m16_cycle_00__MULTI__s9101,FROZEN_LAYERWISE,8,4373,311,False,7.69361842678556e-06
tv2_m16_cycle_00__MULTI__s9101,FROZEN_LAYERWISE,9,33829,308,False,7.5165993917243396e-06
tv2_m16_cycle_00__MULTI__s9101,FROZEN_LAYERWISE,10,4932,358,False,6.172120946606409e-06
tv2_m16_cycle_00__MULTI__s9101,FROZEN_LAYERWISE,11,53318,407,False,5.017981537375681e-06
tv2_m16_cycle_00__MULTI__s9101,WARM_JOINT,1,8320,107,True,0.46486101149872744
tv2_m16_cycle_00__MULTI__s9101,WARM_JOINT,2,12544,171,False,0.41972581573523426
tv2_m16_cycle_00__MULTI__s9101,WARM_JOINT,3,102,230,False,0.040084790254948315
tv2_m16_cycle_00__MULTI__s9101,WARM_JOINT,4,4373,311,False,0.02584043441657133
tv2_m16_cycle_00__MULTI__s9101,WARM_JOINT,5,708,294,False,0.006845691347470936
tv2_m16_cycle_00__MULTI__s9101,WARM_JOINT,6,53318,407,False,0.0016462998927607943
tv2_m16_cycle_00__MULTI__s9101,WARM_JOINT,7,34949,317,False,0.0016195742366039729
tv2_m16_cycle_00__MULTI__s9101,WARM_JOINT,8,149,247,False,0.0015706337600197506
tv2_m16_cycle_00__MULTI__s9101,WARM_JOINT,9,4932,358,False,0.0012429415628949674
tv2_m16_cycle_00__MULTI__s9101,WARM_JOINT,10,33829,308,False,0.0006102913858602729
tv2_m16_cycle_00__MULTI__s9101,WARM_JOINT,11,36869,292,False,0.00032061328545046543
tv2_m16_cycle_00__MULTI__s9101,RANDOM_JOINT,1,8320,107,True,0.13649634908945424
tv2_m16_cycle_00__MULTI__s9101,RANDOM_JOINT,2,12544,171,False,0.10797779245451061
tv2_m16_cycle_00__MULTI__s9101,RANDOM_JOINT,3,36869,292,False,0.06377584822112493
tv2_m16_cycle_00__MULTI__s9101,RANDOM_JOINT,4,102,230,False,0.06136657189056558
tv2_m16_cycle_00__MULTI__s9101,RANDOM_JOINT,5,34949,317,False,0.055159868691122736
tv2_m16_cycle_00__MULTI__s9101,RANDOM_JOINT,6,33829,308,False,0.04025153438950095
tv2_m16_cycle_00__MULTI__s9101,RANDOM_JOINT,7,149,247,False,0.028618726034130026
tv2_m16_cycle_00__MULTI__s9101,RANDOM_JOINT,8,53318,407,False,0.028387024349401744
tv2_m16_cycle_00__MULTI__s9101,RANDOM_JOINT,9,708,294,False,0.02212096594371677
tv2_m16_cycle_00__MULTI__s9101,RANDOM_JOINT,10,4373,311,False,0.016540176591769706
tv2_m16_cycle_00__MULTI__s9101,RANDOM_JOINT,11,4932,358,False,0.010260985420211846
tv2_m16_bottleneck_00__X__s9101,FROZEN_LAYERWISE,1,236,274,True,0.00048276598532582664
tv2_m16_bottleneck_00__X__s9101,FROZEN_LAYERWISE,2,2260,275,False,0.00047567998472032883
tv2_m16_bottleneck_00__X__s9101,FROZEN_LAYERWISE,3,1194,284,False,0.00029924637961663487
tv2_m16_bottleneck_00__X__s9101,FROZEN_LAYERWISE,4,3218,285,False,0.00029255652092063835
tv2_m16_bottleneck_00__X__s9101,FROZEN_LAYERWISE,5,8872,292,False,0.00019973098886527627
tv2_m16_bottleneck_00__X__s9101,FROZEN_LAYERWISE,6,10896,293,False,0.00019401347775019868
tv2_m16_bottleneck_00__X__s9101,FROZEN_LAYERWISE,7,16836,306,False,8.862542617165786e-05
tv2_m16_bottleneck_00__X__s9101,FROZEN_LAYERWISE,8,17794,316,False,6.502143963238375e-05
tv2_m16_bottleneck_00__X__s9101,FROZEN_LAYERWISE,9,25472,324,False,4.948562907493965e-05
tv2_m16_bottleneck_00__X__s9101,FROZEN_LAYERWISE,10,29058,387,False,5.298055605454055e-06
tv2_m16_bottleneck_00__X__s9101,WARM_JOINT,1,236,274,True,0.20785227597441502
tv2_m16_bottleneck_00__X__s9101,WARM_JOINT,2,2260,275,False,0.2055119735746238
tv2_m16_bottleneck_00__X__s9101,WARM_JOINT,3,1194,284,False,0.15211742214541665
tv2_m16_bottleneck_00__X__s9101,WARM_JOINT,4,3218,285,False,0.14919272784671395
tv2_m16_bottleneck_00__X__s9101,WARM_JOINT,5,8872,292,False,0.10342473368490288
tv2_m16_bottleneck_00__X__s9101,WARM_JOINT,6,10896,293,False,0.10055015558740174
tv2_m16_bottleneck_00__X__s9101,WARM_JOINT,7,16836,306,False,0.04124271352672175
tv2_m16_bottleneck_00__X__s9101,WARM_JOINT,8,17794,316,False,0.020553317585047876
tv2_m16_bottleneck_00__X__s9101,WARM_JOINT,9,25472,324,False,0.010564350802246766
tv2_m16_bottleneck_00__X__s9101,WARM_JOINT,10,29058,387,False,0.002251703758277574
tv2_m16_bottleneck_00__X__s9101,RANDOM_JOINT,1,236,274,True,0.08641385062318566
tv2_m16_bottleneck_00__X__s9101,RANDOM_JOINT,2,2260,275,False,0.08612690104961256
tv2_m16_bottleneck_00__X__s9101,RANDOM_JOINT,3,1194,284,False,0.08166688543271229
tv2_m16_bottleneck_00__X__s9101,RANDOM_JOINT,4,3218,285,False,0.08137969233741786
tv2_m16_bottleneck_00__X__s9101,RANDOM_JOINT,5,8872,292,False,0.07472366398372494
tv2_m16_bottleneck_00__X__s9101,RANDOM_JOINT,6,10896,293,False,0.07437865795489514
tv2_m16_bottleneck_00__X__s9101,RANDOM_JOINT,7,16836,306,False,0.059839877868641776
tv2_m16_bottleneck_00__X__s9101,RANDOM_JOINT,8,17794,316,False,0.04491931556747596
tv2_m16_bottleneck_00__X__s9101,RANDOM_JOINT,9,25472,324,False,0.03406843237450524
tv2_m16_bottleneck_00__X__s9101,RANDOM_JOINT,10,29058,387,False,0.002302014136102644
tv2_m16_bottleneck_00__MULTI__s9101,FROZEN_LAYERWISE,1,236,274,True,0.0003275677307833057
tv2_m16_bottleneck_00__MULTI__s9101,FROZEN_LAYERWISE,2,2260,275,False,0.00032694281934565945
tv2_m16_bottleneck_00__MULTI__s9101,FROZEN_LAYERWISE,3,1194,284,False,0.00024373324197824882
tv2_m16_bottleneck_00__MULTI__s9101,FROZEN_LAYERWISE,4,3218,285,False,0.00023942525257912616
tv2_m16_bottleneck_00__MULTI__s9101,FROZEN_LAYERWISE,5,8872,292,False,0.00018527492859931086
tv2_m16_bottleneck_00__MULTI__s9101,FROZEN_LAYERWISE,6,10896,293,False,0.00018393967105452013
tv2_m16_bottleneck_00__MULTI__s9101,FROZEN_LAYERWISE,7,16836,306,False,0.00010723515622446271
tv2_m16_bottleneck_00__MULTI__s9101,FROZEN_LAYERWISE,8,17794,316,False,8.09108450698938e-05
tv2_m16_bottleneck_00__MULTI__s9101,FROZEN_LAYERWISE,9,25472,324,False,6.456711343895482e-05
tv2_m16_bottleneck_00__MULTI__s9101,FROZEN_LAYERWISE,10,29058,387,False,8.780999452592243e-06
tv2_m16_bottleneck_00__MULTI__s9101,WARM_JOINT,1,236,274,True,0.5364322151043132
tv2_m16_bottleneck_00__MULTI__s9101,WARM_JOINT,2,2260,275,False,0.31602845227644005
tv2_m16_bottleneck_00__MULTI__s9101,WARM_JOINT,3,1194,284,False,0.07435926511386713
tv2_m16_bottleneck_00__MULTI__s9101,WARM_JOINT,4,3218,285,False,0.046253395217314
tv2_m16_bottleneck_00__MULTI__s9101,WARM_JOINT,5,8872,292,False,0.011397986465924659
tv2_m16_bottleneck_00__MULTI__s9101,WARM_JOINT,6,10896,293,False,0.008121303550768233
tv2_m16_bottleneck_00__MULTI__s9101,WARM_JOINT,7,16836,306,False,0.004790846872706186
tv2_m16_bottleneck_00__MULTI__s9101,WARM_JOINT,8,25472,324,False,0.0007639849162892745
tv2_m16_bottleneck_00__MULTI__s9101,WARM_JOINT,9,29058,387,False,0.0007215779786341396
tv2_m16_bottleneck_00__MULTI__s9101,WARM_JOINT,10,17794,316,False,0.00031544376039098357
tv2_m16_bottleneck_00__MULTI__s9101,RANDOM_JOINT,1,236,274,True,0.15876190944080829
tv2_m16_bottleneck_00__MULTI__s9101,RANDOM_JOINT,2,2260,275,False,0.14295587974863186
tv2_m16_bottleneck_00__MULTI__s9101,RANDOM_JOINT,3,1194,284,False,0.12556266491772228
tv2_m16_bottleneck_00__MULTI__s9101,RANDOM_JOINT,4,3218,285,False,0.11259002009938839
tv2_m16_bottleneck_00__MULTI__s9101,RANDOM_JOINT,5,8872,292,False,0.10241607988121365
tv2_m16_bottleneck_00__MULTI__s9101,RANDOM_JOINT,6,10896,293,False,0.09257476470977472
tv2_m16_bottleneck_00__MULTI__s9101,RANDOM_JOINT,7,16836,306,False,0.07747712215925645
tv2_m16_bottleneck_00__MULTI__s9101,RANDOM_JOINT,8,17794,316,False,0.06414418268953803
tv2_m16_bottleneck_00__MULTI__s9101,RANDOM_JOINT,9,25472,324,False,0.06293651986148369
tv2_m16_bottleneck_00__MULTI__s9101,RANDOM_JOINT,10,29058,387,False,0.023531006700154466
